Freq Rank,Words
1,mister
2,conference
3,vacation
4,client
5,e-book
6,airport
7,memo
8,reservation
9,logical
10,fax
11,o'clock
12,sincerely
13,sometime
14,website
15,supervisor
16,candidate
17,refund
18,goods
19,workshop
20,downtown
21,deadline
22,invoice
23,brochure
24,noon
25,accountant
26,clerk
27,lobby
28,publish
29,résumé
30,enclose
31,applicant
32,seminar
33,technician
34,cloth
35,fare
36,receipt
37,traveler
38,caller
39,subway
40,luggage
41,shipment
42,infer
43,waiter
44,rental
45,warranty
46,cafeteria
47,chef
48,elevator
49,reception
50,correctly
51,lease
52,bicycle
53,notify
54,preview
55,attendant
56,subscription
57,convenient
58,manual
59,clue
60,garage
61,obtain
62,oval
63,inventory
64,outdoor
65,suitcase
66,destination
67,occupation
68,postpone
69,contradict
70,umbrella
71,inference
72,cellphone
73,compact
74,merchandise
75,receptionist
76,dentist
77,identification
78,coupon
79,depart
80,reschedule
81,tactic
82,renovation
83,upgrade
84,precede
85,replacement
86,dine
87,passport
88,coworker
89,upcoming
90,cabinet
91,appliance
92,explanatory
93,instructor
94,keyboard
95,media
96,supermarket
97,valid
98,admission
99,laptop
100,underline
101,electrical
102,airplane
103,assignment
104,exit
105,attendee
106,cruise
107,birthday
108,café
109,comprehension
110,mall
111,medication
112,recycle
113,renew
114,tenant
115,sandwich
116,departure
117,mini
118,fitness
119,inconvenience
120,banquet
121,closet
122,unreal
123,distractor
124,expire
125,folder
126,photocopy
127,renovate
128,sunny
129,calendar
130,donation
131,feedback
132,shortly
133,snack
134,warehouse
135,copier
136,provider
137,beverage
138,hungry
139,inspection
140,recipient
141,aisle
142,inspect
143,mechanic
144,merger
145,soccer
146,sweater
147,ingredient
148,rewrite
149,itinerary
150,workplace
151,architect
152,convenience
153,eligible
154,indoor
155,baggage
156,click
157,dial
158,container
159,drawer
160,lab
161,submission
162,bulletin
163,certificate
164,gym
165,highway
166,respondent
167,jewelry
168,overtime
169,battery
170,donate
171,outstanding
172,skim
173,briefcase
174,dessert
175,impact
176,innovative
177,inquire
178,overnight
179,venue
180,commuter
181,logo
182,newsletter
183,advisor
184,cartridge
185,cloudy
186,photographer
187,shopper
188,tag
189,announcer
190,aspect
191,audit
192,contractor
193,download
194,password
195,prohibit
196,stadium
197,terminal
198,weekday
199,bonus
200,cart
201,delicious
202,ink
203,supervise
204,waitress
205,cleaner
206,developer
207,headquarter
208,shuttle
209,stationery
210,subscribe
211,alike
212,flavor
213,picnic
214,recipe
215,refreshment
216,administrative
217,authorize
218,commonly
219,distribution
220,sofa
221,accommodate
222,affordable
223,annoy
224,commute
225,coordinate
226,paperwork
227,quit
228,authority
229,flu
230,captain
231,installation
232,trainer
233,availability
234,bargain
235,complimentary
236,hike
237,midnight
238,productivity
239,rainy
240,relocate
241,trainee
242,transaction
243,unhappy
244,verify
245,automobile
246,courier
247,incomplete
248,questionnaire
249,baseball
250,dock
251,lamp
252,lately
253,machinery
254,presenter
255,seldom
256,signature
257,worldwide
258,carrier
259,designate
260,exclusive
261,grocery
262,homework
263,memorandum
264,photocopier
265,suite
266,thorough
267,bookstore
268,cater
269,dental
270,duration
271,lounge
272,painter
273,patron
274,prescription
275,productive
276,salad
277,stack
278,delegate
279,salesperson
280,calculator
281,completion
282,defect
283,garbage
284,omit
285,spite
286,bathroom
287,cab
288,correspondence
289,ladder
290,photography
291,sculpture
292,anniversary
293,buffet
294,defective
295,ice cream
296,leak
297,occupancy
298,proficiency
299,renewal
300,urgent
301,annually
302,basketball
303,delete
304,illogical
305,pet
306,textbook
307,accurately
308,cabin
309,conductor
310,inspector
311,intern
312,semester
313,confirmation
314,congratulation
315,expertise
316,graph
317,taker
318,utility
319,voucher
320,banker
321,behalf
322,minimize
323,optional
324,paycheck
325,polite
326,protective
327,seller
328,sidewalk
329,sightsee
330,soup
331,transit
332,wallet
333,born
334,cashier
335,casual
336,drill
337,fountain
338,juice
339,lane
340,popularity
341,poster
342,promptly
343,retailer
344,vacancy
345,bench
346,cumulative
347,directory
348,disposal
349,housekeeper
350,internship
351,knowledgeable
352,organizer
353,overdue
354,prediction
355,subscriber
356,booklet
357,conditioner
358,enroll
359,frustrate
360,garment
361,orientation
362,outlet
363,packet
364,plumber
365,specification
366,auto
367,decorate
368,deduction
369,definite
370,economical
371,efficiently
372,flyer
373,franchise
374,generous
375,interrupt
376,oven
377,pant
378,profitable
379,refrigerator
380,reimburse
381,showroom
382,vegetarian
383,administrator
384,broker
385,cancellation
386,confidential
387,jet
388,realistic
389,thoroughly
390,trash
391,usage
392,windy
393,automate
394,ferry
395,finalize
396,incur
397,instruct
398,loyal
399,luncheon
400,microphone
401,overview
402,projector
403,shortage
404,spacious
405,accomplishment
406,accustom
407,clinic
408,desktop
409,jog
410,leisure
411,nap
412,reinforce
413,sender
414,vacuum
415,wireless
416,yearly
417,appreciation
418,cargo
419,cooperate
420,distract
421,dividend
422,exemption
423,furnish
424,hourly
425,laundry
426,mandatory
427,mechanical
428,pharmacy
429,promotional
430,quarterly
431,residential
432,scholarship
433,seeker
434,temporarily
435,towel
436,unattended
437,accessible
438,afterward
439,apology
440,assemble
441,automatic
442,boardroom
443,carpenter
444,caterer
445,classify
446,consultation
447,durable
448,glove
449,hardware
450,malfunction
451,outdate
452,patience
453,postcard
454,prospective
455,revision
456,strictly
457,tomato
458,tray
459,vendor
460,withdrawal
461,anytime
462,badge
463,brake
464,calculation
465,coordinator
466,costly
467,equip
468,excursion
469,graphic
470,inexperience
471,lengthy
472,librarian
473,meantime
474,merge
475,performer
476,pharmacist
477,pizza
478,resignation
479,reviewer
480,terminate
481,translation
482,unfamiliar
483,actress
484,adjacent
485,alternate
486,congratulate
487,escort
488,inexpensive
489,mask
490,purchaser
491,purse
492,realtor
493,rearrange
494,reopen
495,soap
496,spokesperson
497,superior
498,airfare
499,bake
500,businessperson
501,considerably
502,faulty
503,hobby
504,informal
505,kilometer
506,lawn
507,microscope
508,mislead
509,misplace
510,newsstand
511,overhead
512,portfolio
513,rack
514,remodel
515,statistics
516,tunnel
517,unlimited
518,vitamin
519,zoo
520,alert
521,auditorium
522,celebrity
523,deduct
524,disruption
525,electrician
526,enthusiastic
527,graduation
528,icy
529,irregular
530,login
531,managerial
532,mineral
533,motorcycle
534,necessity
535,planner
536,programmer
537,proofread
538,recruiter
539,remainder
540,rose
541,statue
542,steadily
543,stockholder
544,vacant
545,accessory
546,assembly
547,basket
548,certification
549,closure
550,dislike
551,downstairs
552,expiration
553,headache
554,jam
555,nail
556,optimistic
557,pedestrian
558,projection
559,sleeve
560,solar
561,suburb
562,takeover
563,unsure
564,upstairs
565,verbal
566,visa
567,wildlife
568,workforce
569,absent
570,accumulate
571,appraisal
572,apprentice
573,businessman
574,ceiling
575,colorful
576,compensate
577,costume
578,editorial
579,effectiveness
580,facilitate
581,firefighter
582,gasoline
583,inappropriate
584,internet
585,landlord
586,layout
587,lunchtime
588,payroll
589,pharmaceutical
590,plausible
591,premium
592,safely
593,simplify
594,specialty
595,tech
596,unexpected
597,unspecified
598,adhere
599,bankrupt
600,caution
601,clip
602,comply
603,diner
604,duplicate
605,eager
606,economist
607,embassy
608,fasten
609,harmful
610,informative
611,institute
612,kit
613,locally
614,mentor
615,nominate
616,opt
617,parade
618,physician
619,polish
620,postage
621,recreational
622,rehearse
623,removal
624,satisfactory
625,seasonal
626,separately
627,turnover
628,unnecessary
629,accordingly
630,apple
631,applicable
632,auction
633,balcony
634,basement
635,beforehand
636,culinary
637,documentary
638,downturn
639,earthquake
640,elegant
641,excessive
642,generic
643,jazz
644,lifetime
645,massage
646,maximize
647,mild
648,ongoing
649,periodically
650,pie
651,plug
652,recruitment
653,referee
654,referral
655,renown
656,runner
657,sock
658,spam
659,surf
660,timetable
661,vase
662,aboard
663,advancement
664,advertiser
665,alternatively
666,amuse
667,attorney
668,authorization
669,campus
670,candy
671,certify
672,checkout
673,chemistry
674,circulation
675,concierge
676,consent
677,consistently
678,cookie
679,deck
680,descriptive
681,detach
682,documentation
683,entrepreneur
684,exceptional
685,familiarize
686,hotline
687,intonation
688,invention
689,irritate
690,locker
691,overlook
692,patent
693,payable
694,preliminary
695,salesman
696,sauna
697,smoothly
698,sunshine
699,tow
700,translator
701,tuition
702,unavailable
703,violation
704,webpage
705,acceptance
706,allocate
707,ambitious
708,appendix
709,booth
710,clarify
711,classmate
712,compile
713,correction
714,customize
715,dedication
716,diagnose
717,discontinue
718,dishwasher
719,drought
720,economize
721,entrée
722,firework
723,freight
724,fry
725,gallon
726,gardener
727,ideally
728,inclusive
729,insufficient
730,introductory
731,junk
732,ma'am
733,mileage
734,noisy
735,pan
736,parcel
737,pasta
738,periodical
739,pill
740,portable
741,punctual
742,recreation
743,relieve
744,reminder
745,rumor
746,scarf
747,seaside
748,shorten
749,specially
750,spill
751,spouse
752,subtract
753,tablet
754,ton
755,vend
756,yoga
757,accent
758,advisory
759,asleep
760,authentic
761,bakery
762,carton
763,compartment
764,compatible
765,consumption
766,conveniently
767,cosmetic
768,courtesy
769,creativity
770,criteria
771,disagreement
772,disappointment
773,dissatisfy
774,enjoyable
775,faculty
776,favorable
777,foreman
778,forum
779,founder
780,fundraise
781,graphics
782,handy
783,hazardous
784,healthcare
785,humidity
786,immigration
787,influential
788,nationwide
789,pad
790,paraphrase
791,placement
792,postal
793,publicity
794,renter
795,repairperson
796,repeatedly
797,restroom
798,silently
799,spa
800,spreadsheet
801,stapler
802,streamline
803,substantially
804,teller
805,tidy
806,toll
807,toner
808,urgently
809,walkway
810,absorb
811,administer
812,ample
813,antique
814,bean
815,browse
816,bye
817,careless
818,collector
819,conform
820,congestion
821,contradiction
822,contrary
823,diploma
824,distributor
825,dive
826,energetic
827,environmentally
828,escalator
829,exotic
830,fabric
831,generalization
832,guidance
833,gum
834,hesitant
835,indicator
836,individually
837,junior
838,lifestyle
839,likewise
840,morale
841,orchestra
842,organizational
843,outlook
844,physics
845,pole
846,puzzle
847,reflexive
848,snowy
849,steak
850,sticker
851,telecommunication
852,timely
853,uncomfortable
854,amenity
855,approximate
856,await
857,barbecue
858,beginner
859,biology
860,blanket
861,chairperson
862,charitable
863,checkup
864,cooler
865,crane
866,dealership
867,dependable
868,disconnect
869,dispose
870,disrupt
871,dynamic
872,enthusiastically
873,freelance
874,grill
875,habitual
876,internationally
877,invaluable
878,messenger
879,paperback
880,rebate
881,recur
882,reproduce
883,spray
884,staple
885,strategic
886,stripe
887,teen
888,tempt
889,timer
890,unload
891,unusually
892,vacate
893,whale
894,wisely
895,amateur
896,ambassador
897,anew
898,architectural
899,attain
900,balloon
901,blueprint
902,bug
903,cautious
904,circuit
905,clap
906,commerce
907,convey
908,cord
909,counselor
910,debit
911,delicate
912,dependence
913,distraction
914,downsize
915,elephant
916,enthusiasm
917,enthusiast
918,evident
919,flexibility
920,flextime
921,fortunately
922,freighter
923,generator
924,hallway
925,hamburger
926,hazard
927,homeowner
928,imperative
929,inflate
930,insert
931,lecturer
932,meaningful
933,memorize
934,merchant
935,modification
936,occupant
937,overcharge
938,oversee
939,petition
940,pillow
941,popcorn
942,pottery
943,professionally
944,publicize
945,ray
946,redecorate
947,refinery
948,refresh
949,refundable
950,reimbursement
951,reliability
952,reluctant
953,sewer
954,skate
955,skateboard
956,sleepy
957,tailor
958,termination
959,theft
960,thunderstorm
961,transmission
962,transmit
963,unused
964,waive
965,yen
966,activate
967,additionally
968,affirmative
969,baker
970,brainstorm
971,cage
972,cinema
973,collaboration
974,condominium
975,consecutive
976,cordless
977,deluxe
978,desirable
979,discrepancy
980,dispatch
981,drawback
982,dull
983,economically
984,evenly
985,excellence
986,exclusively
987,farewell
988,fatigue
989,fiscal
990,fleet
991,flour
992,fog
993,formally
994,gram
995,handbook
996,headphone
997,heater
998,helmet
999,hiker
1000,homeless
1001,lighter
1002,loudly
1003,loyalty
1004,microwave
1005,misidentify
1006,neat
1007,nomination
1008,officially
1009,outfit
1010,pastry
1011,personalize
1012,poorly
1013,prestigious
1014,purser
1015,reassure
1016,resume
1017,reunion
1018,revolutionize
1019,seafood
1020,signify
1021,slot
1022,steer
1023,sue
1024,superb
1025,traditionally
1026,tremendous
1027,underway
1028,unpleasant
1029,violin
1030,ward
1031,worthwhile
1032,adapter
1033,advisable
1034,archive
1035,artistic
1036,assurance
1037,athletic
1038,attire
1039,auditor
1040,bankruptcy
1041,bulk
1042,butter
1043,centimeter
1044,circulate
1045,comb
1046,comfortably
1047,compliance
1048,contraction
1049,cookbook
1050,cushion
1051,dose
1052,drum
1053,embed
1054,evacuate
1055,expedite
1056,extinguisher
1057,familiarity
1058,flaw
1059,fluctuate
1060,fluent
1061,honestly
1062,housekeep
1063,hurricane
1064,hygiene
1065,integral
1066,interactive
1067,interfere
1068,kilogram
1069,layoff
1070,lightweight
1071,merit
1072,necklace
1073,needy
1074,overpay
1075,pamphlet
1076,partial
1077,penalize
1078,pollute
1079,prescribe
1080,probable
1081,prominent
1082,rainfall
1083,relocation
1084,residence
1085,retrieve
1086,rider
1087,rubber
1088,rug
1089,salespeople
1090,sharply
1091,similarity
1092,someday
1093,spectator
1094,stereo
1095,storeroom
1096,subsidize
1097,suspicious
1098,tasty
1099,terrific
1100,underground
1101,unpaid
1102,volleyball
1103,wheelchair
1104,whoever
1105,wool
1106,wrinkle
1107,accuracy
1108,anyhow
1109,appetizer
1110,arc
1111,audition
1112,backpack
1113,ballroom
1114,beneficial
1115,biography
1116,bound
1117,broom
1118,cheeseburger
1119,chilly
1120,circus
1121,compliment
1122,consignment
1123,continental
1124,copyright
1125,countryside
1126,demolish
1127,departmental
1128,desperate
1129,devastate
1130,diagnostic
1131,diagram
1132,diamond
1133,disable
1134,disgust
1135,donut
1136,doorman
1137,electronically
1138,elevate
1139,engagement
1140,enrollment
1141,euro
1142,forbid
1143,fork
1144,foster
1145,getaway
1146,gossip
1147,hacker
1148,hardworking
1149,impatient
1150,indirect
1151,interpreter
1152,intersection
1153,irrelevant
1154,jeans
1155,journalism
1156,letterhead
1157,lifeguard
1158,modem
1159,monument
1160,mosquito
1161,obligate
1162,oblige
1163,occurrence
1164,operational
1165,outage
1166,overcrowd
1167,paralegal
1168,partially
1169,pepper
1170,permanently
1171,plow
1172,query
1173,railway
1174,raincoat
1175,reconsider
1176,redesign
1177,rehearsal
1178,relaxation
1179,repetition
1180,retreat
1181,salon
1182,satellite
1183,scenery
1184,serial
1185,sew
1186,sketch
1187,smartphone
1188,soar
1189,stimulus
1190,stockbroker
1191,tablecloth
1192,thirsty
1193,thrill
1194,tile
1195,toiletry
1196,trademark
1197,tropical
1198,tuna
1199,unemployed
1200,validate
1201,vanilla
1202,willingness
1203,wristwatch
1204,abide
1205,actively
1206,allergy
1207,apprehensive
1208,automotive
1209,bacteria
1210,broaden
1211,bulb
1212,by-law
1213,cheer
1214,complication
1215,considerate
1216,daytime
1217,decoration
1218,discard
1219,drastically
1220,erase
1221,explorer
1222,factual
1223,fixture
1224,footwear
1225,genre
1226,gymnasium
1227,hereby
1228,hesitation
1229,homemade
1230,hospitality
1231,incoming
1232,induction
1233,inspiration
1234,intently
1235,mower
1236,nutrition
1237,restatement
1238,sedan
1239,sunscreen
1240,wellness
1241,workbook
1242,bookcase
1243,cleanliness
1244,contestant
1245,ethics
1246,healthful
1247,inefficient
1248,liter
1249,recession
1250,timeline
1251,unreliable
1252,acclaim
1253,chronic
1254,deteriorate
1255,resemble
1256,unauthorize
1257,violate
1258,unplug
1259,videoconference